Country Name,Country Code,Region,IncomeGroup,PPP Ratio (2024),Std Family Urban (Annual),Std Family Rural (Annual),Typical Fam Urban (Annual),Typical Fam Rural (Annual),Single Indiv Urban (Annual),Single Indiv Rural (Annual),Single Parent Urban (Annual),Single Parent Rural (Annual),Source,Median(LW),U/R Gap%(std fam),U/R Gap%(single parent),U/R Gap%(single individual),U/R Gap%(Typical Fam),(Sing parent burden% vs std fam(U))
Afghanistan,AFG,Middle East & North Africa,Low income,0.0,9977,5581,9573,5349,7047,3595,15499,8037,Income Avg,7542.0,78.77,92.85,96.02,78.97,55.35
Albania,ALB,Europe & Central Asia,Upper middle income,0.426,12342,7011,11505,6350,9294,4742,19157,10087,Numbeo,9690.0,76.04,89.92,95.99,81.18,55.22
Algeria,DZA,Middle East & North Africa,Upper middle income,0.326,5595,3753,6446,4391,3515,2146,8160,5165,Numbeo,4778.0,49.08,57.99,63.79,46.8,45.84
American Samoa,ASM,East Asia & Pacific,High income,0.0,22128,12429,19753,10854,17500,8975,35020,18450,Income Avg,17975.0,78.04,89.81,94.99,81.99,58.26
Andorra,AND,Europe & Central Asia,High income,0.658,19926,11276,18039,10000,15471,7948,31353,16631,PPP Model,16051.0,76.71,88.52,94.65,80.39,57.35
Angola,AGO,Sub-Saharan Africa,Lower middle income,0.263,7854,4373,7709,4321,5341,2717,12139,6238,PPP Model,5790.0,79.6,94.6,96.58,78.41,54.56
Antigua and Barbuda,ATG,Latin America & Caribbean,High income,0.705,21383,12115,19239,10656,16769,8621,33691,17914,PPP Model,17342.0,76.5,88.07,94.51,80.55,57.56
Argentina,ARG,Latin America & Caribbean,Upper middle income,0.459,13537,8104,12330,7251,9702,5068,20865,11696,Numbeo,10699.0,67.04,78.39,91.44,70.05,54.13
Armenia,ARM,Europe & Central Asia,Upper middle income,0.375,14546,7484,14805,7583,11511,5223,23232,11043,Numbeo,11277.0,94.36,110.38,120.39,95.24,59.71
Aruba,ABW,Latin America & Caribbean,High income,0.78,23689,13445,21126,11687,18851,9702,37398,19955,PPP Model,19403.0,76.19,87.41,94.3,80.76,57.87
Australia,AUS,East Asia & Pacific,High income,0.896,23150,12579,20698,11042,19393,9707,36960,18821,Numbeo,19107.0,84.04,96.38,99.78,87.45,59.65
Austria,AUT,Europe & Central Asia,High income,0.769,22915,13520,20140,11608,17407,9414,35743,19822,Numbeo,18614.0,69.49,80.32,84.91,73.5,55.98
Azerbaijan,AZE,Europe & Central Asia,Upper middle income,0.29,9839,5004,8963,4450,7106,3412,15528,7213,Numbeo,7160.0,96.62,115.28,108.26,101.42,57.82
"Bahamas, The",BHS,Latin America & Caribbean,High income,0.958,29196,16631,25568,14110,23934,12346,46276,24868,PPP Model,24401.0,75.55,86.09,93.86,81.2,58.5
Bahrain,BHR,Middle East & North Africa,High income,0.443,15747,8037,14113,7149,11900,5618,25336,11998,Numbeo,11949.0,95.93,111.17,111.82,97.41,60.89
Bangladesh,BGD,South Asia,Lower middle income,0.269,3981,2523,3816,2430,2274,1325,5865,3471,Numbeo,2997.0,57.79,68.97,71.62,57.04,47.32
Barbados,BRB,Latin America & Caribbean,High income,1.069,32663,18642,28327,15611,27208,14051,51884,27988,PPP Model,27598.0,75.21,85.38,93.64,81.46,58.85
Belarus,BLR,Europe & Central Asia,Upper middle income,0.252,9240,5233,7898,4323,7294,3411,14405,7580,Numbeo,7437.0,76.57,90.04,113.84,82.7,55.9
Belgium,BEL,Europe & Central Asia,High income,0.762,26565,15973,23837,14103,21908,12241,41411,23512,Numbeo,22710.0,66.31,76.13,78.97,69.02,55.89
Belize,BLZ,Latin America & Caribbean,Upper middle income,0.535,16158,9110,14896,8278,12177,6241,25322,13336,PPP Model,12756.0,77.37,89.88,95.11,79.95,56.71
Benin,BEN,Sub-Saharan Africa,Lower middle income,0.335,10027,5607,9635,5385,7060,3600,15570,8068,PPP Model,7564.0,78.83,92.98,96.11,78.92,55.28
Bermuda,BMU,North America,High income,1.15,35160,20093,30298,16683,29597,15297,55930,30247,PPP Model,29922.0,74.99,84.91,93.48,81.61,59.07
Bhutan,BTN,South Asia,Lower middle income,0.0,11134,6194,10662,5934,8026,4092,17376,8973,Income Avg,8500.0,79.75,93.65,96.14,79.68,56.06
Bolivia,BOL,Latin America & Caribbean,Lower middle income,0.343,8725,5102,8640,5142,5978,3243,13488,7363,Numbeo,6670.0,71.01,83.19,84.34,68.03,54.59
Bosnia and Herzegovina,BIH,Europe & Central Asia,Upper middle income,0.374,13795,8566,12955,7908,10070,5614,20604,11960,Numbeo,11015.0,61.04,72.27,79.37,63.82,49.36
Botswana,BWA,Sub-Saharan Africa,Upper middle income,0.375,11239,6297,10693,5968,8043,4107,17490,9098,PPP Model,8570.0,78.48,92.24,95.84,79.17,55.62
Brazil,BRA,Latin America & Caribbean,Upper middle income,0.462,9143,5345,8413,4851,6441,3347,13992,7622,Numbeo,7032.0,71.06,83.57,92.44,73.43,53.04
British Virgin Islands,VGB,Latin America & Caribbean,High income,0.0,22128,12429,19753,10854,17500,8975,35020,18450,Income Avg,17975.0,78.04,89.81,94.99,81.99,58.26
Brunei Darussalam,BRN,East Asia & Pacific,High income,0.369,11061,6195,10538,5882,7897,4032,17207,8946,PPP Model,8422.0,78.55,92.34,95.86,79.16,55.56
Bulgaria,BGR,Europe & Central Asia,High income,0.419,12562,7708,11518,7024,9617,5297,19076,10965,Numbeo,10291.0,62.97,73.97,81.56,63.98,51.85
Burkina Faso,BFA,Sub-Saharan Africa,Low income,0.339,10153,5678,9746,5446,7161,3653,15769,8175,PPP Model,7668.0,78.81,92.89,96.03,78.96,55.31
Burundi,BDI,Sub-Saharan Africa,Low income,0.184,5440,3010,5512,3103,3511,1779,8348,4237,PPP Model,3874.0,80.73,97.03,97.36,77.63,53.46
Cabo Verde,CPV,Sub-Saharan Africa,Upper middle income,0.464,13963,7853,13037,7257,10306,5274,21820,11435,PPP Model,10870.0,77.8,90.82,95.41,79.65,56.27
Cambodia,KHM,East Asia & Pacific,Lower middle income,0.33,9872,5518,9499,5309,6935,3536,15324,7937,PPP Model,7436.0,78.91,93.07,96.13,78.92,55.23
Cameroon,CMR,Sub-Saharan Africa,Lower middle income,0.327,9798,5476,9434,5274,6876,3506,15207,7874,PPP Model,7375.0,78.93,93.13,96.12,78.88,55.21
Canada,CAN,North America,High income,0.84,26563,15980,23564,13870,22405,12238,41655,23737,Numbeo,22984.0,66.23,75.49,83.08,69.89,56.82
Cayman Islands,CYM,Latin America & Caribbean,High income,0.0,22128,12429,19753,10854,17500,8975,35020,18450,Income Avg,17975.0,78.04,89.81,94.99,81.99,58.26
Central African Republic,CAF,Sub-Saharan Africa,Low income,0.409,12275,6888,11590,6462,8895,4546,19135,9984,PPP Model,9440.0,78.21,91.66,95.67,79.36,55.89
Chad,TCD,Sub-Saharan Africa,Low income,0.351,10503,5878,10052,5615,7444,3798,16324,8472,PPP Model,7958.0,78.68,92.68,96.0,79.02,55.42
Channel Islands,CHI,Europe & Central Asia,High income,0.0,22128,12429,19753,10854,17500,8975,35020,18450,Income Avg,17975.0,78.04,89.81,94.99,81.99,58.26
Chile,CHL,Latin America & Caribbean,High income,0.462,10780,6605,9548,5691,7955,4415,16422,9454,Numbeo,8704.0,63.21,73.7,80.18,67.77,52.34
China,CHN,East Asia & Pacific,Upper middle income,0.491,10617,5564,8843,4378,6800,3297,16739,8062,Numbeo,7431.0,90.82,107.63,106.25,101.99,57.66
Colombia,COL,Latin America & Caribbean,Upper middle income,0.354,9809,5605,9399,5300,6960,3803,15152,8054,Numbeo,7507.0,75.0,88.13,83.01,77.34,54.47
Comoros,COM,Sub-Saharan Africa,Lower middle income,0.42,12624,7087,11890,6627,9184,4695,19689,10283,PPP Model,9734.0,78.13,91.47,95.61,79.42,55.96
"Congo, Dem. Rep.",COD,Sub-Saharan Africa,Low income,0.357,10686,5982,10212,5703,7593,3875,16614,8628,PPP Model,8110.0,78.64,92.56,95.95,79.06,55.47
"Congo, Rep.",COG,Sub-Saharan Africa,Lower middle income,0.353,10585,5924,10124,5654,7511,3833,16454,8542,PPP Model,8026.0,78.68,92.62,95.96,79.06,55.45
Costa Rica,CRI,Latin America & Caribbean,High income,0.598,19804,11163,17810,9761,14830,7575,30693,16041,Numbeo,15436.0,77.41,91.34,95.78,82.46,54.98
Cote d'Ivoire,CIV,Sub-Saharan Africa,Lower middle income,0.356,10659,5966,10188,5689,7570,3863,16570,8605,PPP Model,8088.0,78.66,92.56,95.96,79.08,55.46
Croatia,HRV,Europe & Central Asia,High income,0.485,22167,12702,19834,11143,17643,9101,34556,18506,Numbeo,18074.0,74.52,86.73,93.86,78.0,55.89
Cuba,CUB,Latin America & Caribbean,Upper middle income,0.0,12054,7259,10448,6151,7591,5851,18155,10132,Numbeo,8862.0,66.06,79.18,29.74,69.86,50.61
Curacao,CUW,Latin America & Caribbean,High income,0.698,21175,11994,19068,10563,16583,8525,33356,17730,PPP Model,17156.0,76.55,88.13,94.52,80.52,57.53
Cyprus,CYP,Europe & Central Asia,High income,0.614,19163,10829,17124,9481,14006,7517,30609,16315,Numbeo,15160.0,76.96,87.61,86.32,80.61,59.73
Czechia,CZE,Europe & Central Asia,High income,0.552,18735,10508,16329,8965,14954,7761,29724,15611,Numbeo,15282.0,78.29,90.4,92.68,82.14,58.65
Denmark,DNK,Europe & Central Asia,High income,0.878,23661,13957,21295,12361,18501,9709,36794,20413,Numbeo,19457.0,69.53,80.25,90.56,72.28,55.5
Djibouti,DJI,Middle East & North Africa,Lower middle income,0.455,13689,7696,12803,7129,10075,5155,21384,11199,PPP Model,10637.0,77.87,90.95,95.44,79.59,56.21
Dominica,DMA,Latin America & Caribbean,Upper middle income,0.488,14719,8285,13680,7611,10946,5605,23025,12088,PPP Model,11517.0,77.66,90.48,95.29,79.74,56.43
Dominican Republic,DOM,Latin America & Caribbean,Upper middle income,0.395,16985,7719,16502,7612,12289,4984,27151,11060,Numbeo,11674.0,120.04,145.49,146.57,116.79,59.85
Ecuador,ECU,Latin America & Caribbean,Upper middle income,0.434,8374,5180,7621,4689,6220,3379,12831,7476,Numbeo,6848.0,61.66,71.63,84.08,62.53,53.22
"Egypt, Arab Rep.",EGY,Middle East & North Africa,Lower middle income,0.175,4209,2462,4468,2685,2830,1503,6403,3459,Numbeo,3144.0,70.96,85.11,88.29,66.41,52.13
El Salvador,SLV,Latin America & Caribbean,Upper middle income,0.421,12642,7098,11906,6636,9200,4703,19719,10299,PPP Model,9750.0,78.11,91.47,95.62,79.42,55.98
Equatorial Guinea,GNQ,Sub-Saharan Africa,Upper middle income,0.384,11522,6458,10939,6103,8275,4226,17939,9340,PPP Model,8808.0,78.41,92.07,95.81,79.24,55.69
Eritrea,ERI,Sub-Saharan Africa,Low income,0.0,9977,5581,9573,5349,7047,3595,15499,8037,Income Avg,7542.0,78.77,92.85,96.02,78.97,55.35
Estonia,EST,Europe & Central Asia,High income,0.624,16989,9677,15229,8435,12063,6283,26572,14122,Numbeo,13092.0,75.56,88.16,91.99,80.55,56.41
Eswatini,SWZ,Sub-Saharan Africa,Lower middle income,0.331,9917,5544,9538,5331,6971,3555,15396,7975,PPP Model,7473.0,78.88,93.05,96.09,78.92,55.25
Ethiopia,ETH,Sub-Saharan Africa,0,0.345,10330,5779,9901,5531,7304,3726,16049,8325,PPP Model,7814.0,78.75,92.78,96.03,79.01,55.36
Faroe Islands,FRO,Europe & Central Asia,High income,0.905,27559,15683,24256,13395,22408,11551,43634,23402,PPP Model,22905.0,75.73,86.45,93.99,81.08,58.33
Fiji,FJI,East Asia & Pacific,Upper middle income,0.416,12497,7014,11781,6567,9079,4641,19487,10174,PPP Model,9626.0,78.17,91.54,95.63,79.4,55.93
Finland,FIN,Europe & Central Asia,High income,0.816,21828,12799,19643,11224,16340,8866,33944,18685,Numbeo,17512.0,70.54,81.66,84.3,75.01,55.51
France,FRA,Europe & Central Asia,High income,0.737,21987,12968,20565,11994,16587,8857,34102,18876,Numbeo,17732.0,69.55,80.66,87.28,71.46,55.1
French Polynesia,PYF,East Asia & Pacific,High income,0.0,22128,12429,19753,10854,17500,8975,35020,18450,Income Avg,17975.0,78.04,89.81,94.99,81.99,58.26
Gabon,GAB,Sub-Saharan Africa,Upper middle income,0.383,11480,6434,10902,6083,8240,4208,17872,9304,PPP Model,8772.0,78.43,92.09,95.82,79.22,55.68
"Gambia, The",GMB,Sub-Saharan Africa,Low income,0.251,7467,4154,7361,4128,5042,2563,11529,5915,PPP Model,5478.0,79.75,94.91,96.72,78.32,54.4
Georgia,GEO,Europe & Central Asia,Upper middle income,0.327,11757,6369,11729,6301,8742,4281,18550,9300,Numbeo,9021.0,84.6,99.46,104.2,86.15,57.78
Germany,DEU,Europe & Central Asia,High income,0.759,27053,15534,23584,13250,20205,10574,42424,22847,Numbeo,21526.0,74.15,85.69,91.08,77.99,56.82
Ghana,GHA,Sub-Saharan Africa,Lower middle income,0.298,8906,4969,8646,4839,6165,3140,13797,7121,PPP Model,6643.0,79.23,93.75,96.34,78.67,54.92
Gibraltar,GIB,Europe & Central Asia,High income,0.0,22128,12429,19753,10854,17500,8975,35020,18450,Income Avg,17975.0,78.04,89.81,94.99,81.99,58.26
Greece,GRC,Europe & Central Asia,High income,0.558,14891,9208,13610,8238,11093,6131,22802,13283,Numbeo,12188.0,61.72,71.66,80.93,65.21,53.13
Greenland,GRL,Europe & Central Asia,High income,0.0,22128,12429,19753,10854,17500,8975,35020,18450,Income Avg,17975.0,78.04,89.81,94.99,81.99,58.26
Grenada,GRD,Latin America & Caribbean,Upper middle income,0.58,17531,9898,16048,8910,13366,6857,27517,14533,PPP Model,13950.0,77.12,89.34,94.92,80.11,56.96
Guam,GUM,East Asia & Pacific,High income,0.0,22128,12429,19753,10854,17500,8975,35020,18450,Income Avg,17975.0,78.04,89.81,94.99,81.99,58.26
Guatemala,GTM,Latin America & Caribbean,Upper middle income,0.428,12867,7226,12099,6742,9387,4800,20076,10492,PPP Model,9940.0,78.07,91.35,95.56,79.46,56.03
Guinea,GIN,Sub-Saharan Africa,Lower middle income,0.371,11134,6237,10602,5918,7957,4062,17323,9009,PPP Model,8483.0,78.52,92.29,95.89,79.15,55.59
Guinea-Bissau,GNB,Sub-Saharan Africa,Low income,0.323,9665,5401,9317,5209,6769,3451,14997,7762,PPP Model,7266.0,78.95,93.21,96.15,78.86,55.17
Guyana,GUY,Latin America & Caribbean,High income,0.37,11102,6219,10574,5902,7931,4049,17273,8982,PPP Model,8456.0,78.52,92.31,95.88,79.16,55.58
Haiti,HTI,Latin America & Caribbean,Lower middle income,0.671,20327,11506,18369,10181,15826,8132,31995,16983,PPP Model,16404.0,76.66,88.39,94.61,80.42,57.4
Honduras,HND,Latin America & Caribbean,Lower middle income,0.458,13776,7746,12877,7170,10148,5193,21522,11274,PPP Model,10711.0,77.85,90.9,95.42,79.6,56.23
"Hong Kong SAR, China",HKG,East Asia & Pacific,High income,0.719,37015,16492,31921,13459,27163,12544,61858,25793,Numbeo,26478.0,124.44,139.82,116.54,137.17,67.12
Hungary,HUN,Europe & Central Asia,High income,0.48,16248,9836,14419,8590,12418,6711,25132,14312,Numbeo,13365.0,65.19,75.6,85.04,67.86,54.68
Iceland,ISL,Europe & Central Asia,High income,1.028,31363,17887,27296,15050,25975,13408,49780,26816,PPP Model,26396.0,75.34,85.64,93.73,81.37,58.72
India,IND,South Asia,Lower middle income,0.241,4917,2840,4602,2655,3000,1603,7599,4077,Numbeo,3538.0,73.13,86.39,87.15,73.33,54.55
Indonesia,IDN,East Asia & Pacific,Upper middle income,0.299,9292,5019,8769,4764,5486,2782,14519,7203,Numbeo,6344.0,85.14,101.57,97.2,84.07,56.25
"Iran, Islamic Rep.",IRN,Middle East & North Africa,Upper middle income,0.261,6614,3431,6272,3203,4333,2143,10518,5024,Numbeo,4678.0,92.77,109.36,102.19,95.82,59.03
Iraq,IRQ,Middle East & North Africa,Upper middle income,0.42,7158,4257,8860,5448,5172,2620,11022,6143,Numbeo,5796.0,68.15,79.42,97.4,62.63,53.98
Ireland,IRL,Europe & Central Asia,High income,0.802,31868,17406,28832,15518,28081,14389,51655,26746,Numbeo,27414.0,83.09,93.13,95.16,85.8,62.09
Isle of Man,IMN,Europe & Central Asia,High income,0.0,22128,12429,19753,10854,17500,8975,35020,18450,Income Avg,17975.0,78.04,89.81,94.99,81.99,58.26
Israel,ISR,Middle East & North Africa,High income,0.947,27211,15976,27665,16610,22726,11745,42877,23780,Numbeo,23253.0,70.32,80.31,93.5,66.56,57.57
Italy,ITA,Europe & Central Asia,High income,0.649,23578,13773,20644,11693,17986,9602,36610,19995,Numbeo,18990.0,71.19,83.1,87.32,76.55,55.27
Jamaica,JAM,Latin America & Caribbean,Upper middle income,0.602,18190,10277,16598,9211,13941,7155,28571,15109,PPP Model,14525.0,77.0,89.1,94.84,80.2,57.07
Japan,JPN,East Asia & Pacific,High income,0.624,18647,10546,15565,8473,11702,6432,28504,14831,Numbeo,13266.0,76.82,92.19,81.93,83.7,52.86
Jordan,JOR,Middle East & North Africa,Lower middle income,0.427,8293,4993,9717,5959,6052,3175,12655,7134,Numbeo,6593.0,66.09,77.39,90.61,63.06,52.6
Kazakhstan,KAZ,Europe & Central Asia,Upper middle income,0.346,10563,5917,11089,6432,8186,3923,16618,8672,Numbeo,8429.0,78.52,91.63,108.67,72.4,57.32
Kenya,KEN,Sub-Saharan Africa,Lower middle income,0.321,9624,4731,10302,5365,5201,2679,15102,6705,Numbeo,6035.0,103.42,125.23,94.14,92.02,56.92
Kiribati,KIR,East Asia & Pacific,Lower middle income,0.618,18702,10571,17024,9444,14390,7388,29391,15557,PPP Model,14974.0,76.92,88.92,94.78,80.26,57.15
"Korea, Dem. People's Rep.",PRK,East Asia & Pacific,Low income,0.0,9977,5581,9573,5349,7047,3595,15499,8037,Income Avg,7542.0,78.77,92.85,96.02,78.97,55.35
"Korea, Rep.",KOR,East Asia & Pacific,High income,0.594,21645,12294,17054,9054,13202,7285,33019,17222,Numbeo,15128.0,76.06,91.73,81.22,88.36,52.55
Kosovo,XKX,Europe & Central Asia,Upper middle income,0.393,7350,4466,6210,3716,5468,2936,11278,6426,Numbeo,5839.0,64.58,75.51,86.24,67.12,53.44
Kuwait,KWT,Middle East & North Africa,High income,0.624,16975,8858,14957,7659,11985,5771,27440,13407,Numbeo,12696.0,91.63,104.67,107.68,95.29,61.65
Kyrgyz Republic,KGZ,Europe & Central Asia,Lower middle income,0.302,9026,5038,8753,4898,6261,3189,13987,7222,PPP Model,6742.0,79.16,93.67,96.33,78.71,54.96
Lao PDR,LAO,East Asia & Pacific,Lower middle income,0.217,6455,3582,6445,3620,4269,2167,9939,5074,PPP Model,4672.0,80.21,95.88,97.0,78.04,53.97
Latvia,LVA,Europe & Central Asia,High income,0.537,17526,10339,15582,8963,11420,6364,26836,14738,Numbeo,13079.0,69.51,82.09,79.45,73.85,53.12
Lebanon,LBN,Middle East & North Africa,Lower middle income,0.0,11782,5469,10756,5050,8493,3903,18452,7638,Numbeo,8066.0,115.43,141.58,117.6,112.99,56.61
Lesotho,LSO,Sub-Saharan Africa,Lower middle income,0.324,9689,5414,9338,5221,6788,3461,15034,7782,PPP Model,7285.0,78.96,93.19,96.13,78.85,55.17
Liberia,LBR,Sub-Saharan Africa,Low income,0.455,13696,7700,12809,7132,10081,5158,21395,11205,PPP Model,10643.0,77.87,90.94,95.44,79.6,56.21
Libya,LBY,Middle East & North Africa,Upper middle income,0.459,13823,7773,12918,7192,10188,5214,21598,11315,PPP Model,10752.0,77.83,90.88,95.4,79.62,56.25
Liechtenstein,LIE,Europe & Central Asia,High income,0.0,22128,12429,19753,10854,17500,8975,35020,18450,Income Avg,17975.0,78.04,89.81,94.99,81.99,58.26
Lithuania,LTU,Europe & Central Asia,High income,0.531,20222,11377,17743,9633,16001,7773,31466,16437,Numbeo,16219.0,77.74,91.43,105.85,84.19,55.6
Luxembourg,LUX,Europe & Central Asia,High income,0.883,31546,16772,28467,14714,26227,13291,51934,26124,Numbeo,26176.0,88.09,98.8,97.33,93.47,64.63
"Macao SAR, China",MAC,East Asia & Pacific,High income,0.567,17133,9670,15715,8727,13019,6678,26880,14185,PPP Model,13602.0,77.18,89.5,94.95,80.07,56.89
Madagascar,MDG,Sub-Saharan Africa,Low income,0.289,8640,4818,8410,4708,5955,3032,13377,6897,PPP Model,6426.0,79.33,93.95,96.41,78.63,54.83
Malawi,MWI,Sub-Saharan Africa,Low income,0.281,8396,4680,8193,4588,5764,2934,12992,6692,PPP Model,6228.0,79.4,94.14,96.46,78.57,54.74
Malaysia,MYS,East Asia & Pacific,Upper middle income,0.306,9817,5892,8675,5115,7185,3818,14913,8314,Numbeo,7750.0,66.62,79.37,88.19,69.6,51.91
Maldives,MDV,South Asia,Upper middle income,0.511,15409,8681,14265,7931,11534,5909,24126,12686,PPP Model,12110.0,77.5,90.18,95.19,79.86,56.57
Mali,MLI,Sub-Saharan Africa,Low income,0.33,9883,5525,9509,5315,6944,3541,15342,7946,PPP Model,7445.0,78.88,93.08,96.1,78.91,55.24
Malta,MLT,Middle East & North Africa,High income,0.628,19449,10861,16422,8838,16009,8180,31397,16523,Numbeo,16216.0,79.07,90.02,95.71,85.81,61.43
Marshall Islands,MHL,East Asia & Pacific,Upper middle income,0.943,28735,16364,25199,13909,23504,12122,45533,24455,PPP Model,23980.0,75.6,86.19,93.9,81.17,58.46
Mauritania,MRT,Sub-Saharan Africa,Lower middle income,0.286,8549,4767,8329,4664,5884,2996,13234,6821,PPP Model,6352.0,79.34,94.02,96.4,78.58,54.8
Mauritius,MUS,Sub-Saharan Africa,Upper middle income,0.377,9844,5905,8735,5133,7307,3783,15086,8484,Numbeo,7896.0,66.71,77.82,93.15,70.17,53.25
Mexico,MEX,Latin America & Caribbean,Upper middle income,0.542,14708,8070,13473,7364,11067,5318,23177,11802,Numbeo,11434.0,82.26,96.38,108.1,82.96,57.58
"Micronesia, Fed. Sts.",FSM,East Asia & Pacific,Lower middle income,0.958,29217,16643,25585,14119,23955,12356,46311,24888,PPP Model,24422.0,75.55,86.08,93.87,81.21,58.51
Moldova,MDA,Europe & Central Asia,Upper middle income,0.407,12777,6447,11368,5662,9444,4312,20622,9636,Numbeo,9540.0,98.19,114.01,119.02,100.78,61.4
Monaco,MCO,Europe & Central Asia,High income,0.0,22128,12429,19753,10854,17500,8975,35020,18450,Income Avg,17975.0,78.04,89.81,94.99,81.99,58.26
Mongolia,MNG,East Asia & Pacific,Upper middle income,0.353,10565,5913,10106,5644,7494,3824,16421,8525,PPP Model,8010.0,78.67,92.62,95.97,79.06,55.43
Montenegro,MNE,Europe & Central Asia,Upper middle income,0.389,13773,7856,13914,7863,10847,5396,21643,11558,Numbeo,11202.0,75.32,87.26,101.02,76.96,57.14
Morocco,MAR,Middle East & North Africa,Lower middle income,0.399,7533,4061,7669,4177,5592,2576,11763,5836,Numbeo,5714.0,85.5,101.56,117.08,83.6,56.15
Mozambique,MOZ,Sub-Saharan Africa,Low income,0.385,11557,6478,10969,6120,8303,4241,17994,9370,PPP Model,8836.0,78.4,92.04,95.78,79.23,55.7
Myanmar,MMR,East Asia & Pacific,Lower middle income,0.227,6738,3742,6702,3763,4483,2277,10382,5308,PPP Model,4896.0,80.06,95.59,96.88,78.1,54.08
Namibia,NAM,Sub-Saharan Africa,Lower middle income,0.378,11328,6347,10770,6010,8115,4144,17631,9174,PPP Model,8644.0,78.48,92.18,95.83,79.2,55.64
Nauru,NRU,East Asia & Pacific,High income,0.96,29274,16676,25630,14144,24007,12384,46402,24938,PPP Model,24472.0,75.55,86.07,93.85,81.21,58.51
Nepal,NPL,South Asia,Lower middle income,0.252,3966,2379,3978,2385,2412,1306,5959,3309,Numbeo,2860.0,66.71,80.08,84.69,66.79,50.25
Netherlands,NLD,Europe & Central Asia,High income,0.792,36721,19730,32718,17237,32621,16027,59008,29802,Numbeo,31212.0,86.12,98.0,103.54,89.81,60.69
New Caledonia,NCL,East Asia & Pacific,High income,0.0,22128,12429,19753,10854,17500,8975,35020,18450,Income Avg,17975.0,78.04,89.81,94.99,81.99,58.26
New Zealand,NZL,East Asia & Pacific,High income,0.886,20703,12438,18650,11075,17472,9478,32204,18329,Numbeo,17900.0,66.45,75.7,84.34,68.4,55.55
Nicaragua,NIC,Latin America & Caribbean,Lower middle income,0.327,9784,5468,9422,5267,6865,3500,15185,7862,PPP Model,7364.0,78.93,93.14,96.14,78.89,55.2
Niger,NER,Sub-Saharan Africa,Low income,0.359,10750,6018,10267,5733,7644,3901,16715,8682,PPP Model,8163.0,78.63,92.52,95.95,79.09,55.49
Nigeria,NGA,Sub-Saharan Africa,Lower middle income,0.119,18061,8211,19365,9734,11597,5519,29266,12114,Numbeo,11856.0,119.96,141.59,110.13,98.94,62.04
North Macedonia,MKD,Europe & Central Asia,Upper middle income,0.344,8101,4921,7775,4640,6045,3347,12260,6953,Numbeo,6499.0,64.62,76.33,80.61,67.56,51.34
Northern Mariana Islands,MNP,East Asia & Pacific,High income,0.0,22128,12429,19753,10854,17500,8975,35020,18450,Income Avg,17975.0,78.04,89.81,94.99,81.99,58.26
Norway,NOR,Europe & Central Asia,High income,0.851,23809,14229,20869,12231,19976,10457,36912,20754,Numbeo,20365.0,67.33,77.85,91.03,70.62,55.03
Oman,OMN,Middle East & North Africa,High income,0.486,12408,6981,12185,6981,9273,4768,19014,9899,Numbeo,9586.0,77.74,92.08,94.48,74.55,53.24
Pakistan,PAK,Middle East & North Africa,Lower middle income,0.237,3988,2336,4659,2870,2405,1284,6080,3297,Numbeo,3084.0,70.72,84.41,87.31,62.33,52.46
Palau,PLW,East Asia & Pacific,High income,0.0,22128,12429,19753,10854,17500,8975,35020,18450,Income Avg,17975.0,78.04,89.81,94.99,81.99,58.26
Panama,PAN,Latin America & Caribbean,High income,0.463,18521,10228,18408,10211,14532,7381,29493,15220,Numbeo,14876.0,81.08,93.78,96.88,80.28,59.24
Papua New Guinea,PNG,East Asia & Pacific,Lower middle income,0.617,18660,10547,16989,9425,14353,7368,29324,15520,PPP Model,14936.0,76.92,88.94,94.8,80.25,57.15
Paraguay,PRY,Latin America & Caribbean,Upper middle income,0.346,10375,5805,9940,5553,7340,3745,16120,8363,PPP Model,7852.0,78.73,92.75,95.99,79.0,55.37
Peru,PER,Latin America & Caribbean,Upper middle income,0.475,11777,6275,11153,5938,9048,4017,18414,8998,Numbeo,9023.0,87.68,104.65,125.24,87.82,56.36
Philippines,PHL,East Asia & Pacific,Lower middle income,0.338,8964,5272,8158,4780,5971,3133,13515,7312,Numbeo,6642.0,70.03,84.83,90.58,70.67,50.77
Poland,POL,Europe & Central Asia,High income,0.49,15917,9005,13487,7396,13194,6833,25291,13452,Numbeo,13323.0,76.76,88.01,93.09,82.36,58.89
Portugal,PRT,Europe & Central Asia,High income,0.559,20708,11271,18928,10090,17437,8677,33206,16964,Numbeo,17200.0,83.73,95.74,100.96,87.59,60.35
Puerto Rico (US),PRI,Latin America & Caribbean,High income,0.783,20717,11691,17330,9296,14687,7327,32366,16961,Numbeo,15824.0,77.2,90.83,100.45,86.42,56.23
Qatar,QAT,Middle East & North Africa,High income,0.608,23666,11398,20973,10008,19829,7913,39723,18155,Numbeo,18992.0,107.63,118.8,150.59,109.56,67.85
Romania,ROU,Europe & Central Asia,High income,0.409,14402,8400,13241,7641,11133,5791,22352,12180,Numbeo,11656.0,71.45,83.51,92.25,73.29,55.2
Russian Federation,RUS,Europe & Central Asia,High income,0.314,10618,5963,9197,5042,8159,4064,16571,8650,Numbeo,8404.0,78.06,91.57,100.76,82.41,56.07
Rwanda,RWA,Sub-Saharan Africa,Low income,0.269,8034,4475,7870,4410,5481,2789,12422,6388,PPP Model,5934.0,79.53,94.46,96.52,78.46,54.62
Samoa,WSM,East Asia & Pacific,Upper middle income,0.617,18675,10555,17001,9432,14366,7375,29347,15532,PPP Model,14949.0,76.93,88.95,94.79,80.25,57.15
San Marino,SMR,Europe & Central Asia,High income,0.0,22128,12429,19753,10854,17500,8975,35020,18450,Income Avg,17975.0,78.04,89.81,94.99,81.99,58.26
Sao Tome and Principe,STP,Sub-Saharan Africa,Lower middle income,0.559,16890,9530,15511,8615,12808,6568,26490,13973,PPP Model,13390.0,77.23,89.58,95.01,80.05,56.84
Saudi Arabia,SAU,Middle East & North Africa,High income,0.492,12110,6859,11655,6669,9473,4935,18832,9917,Numbeo,9695.0,76.56,89.9,91.96,74.76,55.51
Senegal,SEN,Sub-Saharan Africa,Lower middle income,0.35,10476,5862,10028,5602,7422,3787,16281,8449,PPP Model,7936.0,78.71,92.7,95.99,79.01,55.41
Serbia,SRB,Europe & Central Asia,Upper middle income,0.417,14092,7986,13084,7302,10336,5409,22065,11658,Numbeo,10997.0,76.46,89.27,91.09,79.18,56.58
Seychelles,SYC,Sub-Saharan Africa,High income,0.537,16216,9143,14945,8305,12226,6267,25414,13387,PPP Model,12806.0,77.36,89.84,95.09,79.95,56.72
Sierra Leone,SLE,Sub-Saharan Africa,Low income,0.229,6811,3783,6768,3800,4538,2305,10497,5368,PPP Model,4953.0,80.04,95.55,96.88,78.11,54.12
Singapore,SGP,East Asia & Pacific,High income,0.602,41339,18404,36290,15511,32606,14828,69067,28795,Numbeo,30700.0,124.62,139.86,119.89,133.96,67.07
Sint Maarten (Dutch part),SXM,Latin America & Caribbean,High income,0.771,23426,13293,20911,11570,18612,9578,36974,19721,PPP Model,19166.0,76.23,87.49,94.32,80.73,57.83
Slovak Republic,SVK,Europe & Central Asia,High income,0.543,18862,11230,16885,9881,15398,8049,29324,16407,Numbeo,15902.0,67.96,78.73,91.3,70.88,55.47
Slovenia,SVN,Europe & Central Asia,High income,0.596,24503,13890,21745,12106,18086,9849,38630,20510,Numbeo,19298.0,76.41,88.35,83.63,79.62,57.65
Solomon Islands,SLB,East Asia & Pacific,Lower middle income,0.723,21929,12429,19687,10901,17260,8876,34568,18396,PPP Model,17828.0,76.43,87.91,94.46,80.6,57.64
"Somalia, Fed. Rep.",SOM,Sub-Saharan Africa,Low income,0.393,11797,6615,11177,6234,8500,4343,18375,9575,PPP Model,9038.0,78.34,91.91,95.72,79.29,55.76
South Africa,ZAF,Sub-Saharan Africa,Upper middle income,0.405,12478,7259,16952,9926,8893,4933,19323,10536,Numbeo,10231.0,71.9,83.4,80.28,70.78,54.86
South Sudan,SSD,Sub-Saharan Africa,Low income,0.0,9977,5581,9573,5349,7047,3595,15499,8037,Income Avg,7542.0,78.77,92.85,96.02,78.97,55.35
Spain,ESP,Europe & Central Asia,High income,0.608,17799,9815,16513,8791,15323,7559,28434,14703,Numbeo,15013.0,81.34,93.39,102.71,87.84,59.75
Sri Lanka,LKA,South Asia,Lower middle income,0.289,9980,5035,9351,4710,6550,3150,15419,6939,Numbeo,6744.0,98.21,122.21,107.94,98.54,54.5
St. Kitts and Nevis,KNA,Latin America & Caribbean,High income,0.688,20842,11803,18794,10413,16285,8370,32821,17437,PPP Model,16861.0,76.58,88.23,94.56,80.49,57.48
St. Lucia,LCA,Latin America & Caribbean,Upper middle income,0.514,15515,8741,14354,7980,11624,5956,24294,12777,PPP Model,12200.0,77.5,90.14,95.16,79.87,56.58
St. Martin (French part),MAF,Latin America & Caribbean,High income,0.0,22128,12429,19753,10854,17500,8975,35020,18450,Income Avg,17975.0,78.04,89.81,94.99,81.99,58.26
St. Vincent and the Grenadines,VCT,Latin America & Caribbean,Upper middle income,0.541,16320,9203,15032,8353,12316,6314,25580,13477,PPP Model,12896.0,77.33,89.8,95.06,79.96,56.74
Sudan,SDN,Sub-Saharan Africa,Low income,0.465,14010,7879,13077,7279,10345,5295,21895,11476,PPP Model,10910.0,77.81,90.79,95.37,79.65,56.28
Suriname,SUR,Latin America & Caribbean,Upper middle income,0.319,9552,5336,9217,5154,6679,3404,14818,7666,PPP Model,7172.0,79.01,93.3,96.21,78.83,55.13
Sweden,SWE,Europe & Central Asia,High income,0.803,19539,11794,17976,10661,15127,8265,29893,16944,Numbeo,16036.0,65.67,76.42,83.02,68.61,52.99
Switzerland,CHE,Europe & Central Asia,High income,1.078,34728,19367,30750,16760,28139,14388,55573,29201,Numbeo,28670.0,79.32,90.31,95.57,83.47,60.02
Syrian Arab Republic,SYR,Middle East & North Africa,Low income,0.0,9977,5581,9573,5349,7047,3595,15499,8037,Income Avg,7542.0,78.77,92.85,96.02,78.97,55.35
Tajikistan,TJK,Europe & Central Asia,Lower middle income,0.248,7388,4109,7290,4089,4981,2532,11405,5849,PPP Model,5415.0,79.8,94.99,96.72,78.28,54.37
Tanzania,TZA,Sub-Saharan Africa,Lower middle income,0.281,8391,4677,8189,4586,5760,2932,12985,6688,PPP Model,6224.0,79.41,94.15,96.45,78.57,54.75
Thailand,THA,East Asia & Pacific,Upper middle income,0.297,12496,6317,10518,5091,7786,3836,19641,9031,Numbeo,8408.0,97.82,117.48,102.97,106.6,57.18
Timor-Leste,TLS,East Asia & Pacific,Lower middle income,0.301,8999,5022,8729,4884,6239,3178,13944,7199,PPP Model,6719.0,79.19,93.69,96.32,78.73,54.95
Togo,TGO,Sub-Saharan Africa,Low income,0.333,9956,5566,9572,5350,7002,3571,15457,8008,PPP Model,7505.0,78.87,93.02,96.08,78.92,55.25
Tonga,TON,East Asia & Pacific,Upper middle income,0.0,12352,6933,11622,6453,9088,4637,19272,10053,Income Avg,9570.0,78.16,91.7,95.99,80.1,56.02
Trinidad and Tobago,TTO,Latin America & Caribbean,High income,0.516,15552,8763,14386,7998,11656,5972,24354,12810,PPP Model,12233.0,77.47,90.12,95.18,79.87,56.6
Tunisia,TUN,Middle East & North Africa,Lower middle income,0.288,6072,3763,6300,3883,4323,2316,9149,5297,Numbeo,4810.0,61.36,72.72,86.66,62.25,50.68
Turkiye,TUR,Europe & Central Asia,Upper middle income,0.348,13757,7565,12914,6961,11185,5574,21523,10983,Numbeo,11084.0,81.85,95.97,100.66,85.52,56.45
Turkmenistan,TKM,Europe & Central Asia,Upper middle income,0.323,9670,5404,9321,5211,6773,3453,15005,7766,PPP Model,7270.0,78.94,93.21,96.15,78.87,55.17
Turks and Caicos Islands,TCA,Latin America & Caribbean,High income,0.988,30142,17179,26324,14521,24823,12808,47806,25718,PPP Model,25270.0,75.46,85.89,93.81,81.28,58.6
Tuvalu,TUV,East Asia & Pacific,Upper middle income,0.0,12352,6933,11622,6453,9088,4637,19272,10053,Income Avg,9570.0,78.16,91.7,95.99,80.1,56.02
Uganda,UGA,Sub-Saharan Africa,Low income,0.329,9855,5509,9484,5301,6922,3529,15298,7923,PPP Model,7422.0,78.89,93.08,96.15,78.91,55.23
Ukraine,UKR,Europe & Central Asia,Upper middle income,0.291,8636,4993,6802,3749,6488,3314,13301,7126,Numbeo,6645.0,72.96,86.65,95.78,81.44,54.02
United Arab Emirates,ARE,Middle East & North Africa,High income,0.635,21935,11449,19095,9727,18050,7937,36386,18091,Numbeo,18070.0,91.59,101.13,127.42,96.31,65.88
United Kingdom,GBR,Europe & Central Asia,High income,0.849,29097,15926,26318,14204,25088,12543,46684,24104,Numbeo,24596.0,82.7,93.68,100.02,85.29,60.44
United States,USA,North America,High income,1.0,29831,17086,26925,15234,25444,12898,47632,25780,Numbeo,25612.0,74.59,84.76,97.27,76.74,59.67
Uruguay,URY,Latin America & Caribbean,High income,0.656,15541,9486,14088,8433,11491,6321,23779,13632,Numbeo,12562.0,63.83,74.44,81.79,67.06,53.01
Uzbekistan,UZB,Europe & Central Asia,Lower middle income,0.266,9581,4680,10295,5385,7375,3275,15327,6831,Numbeo,7103.0,104.72,124.37,125.19,91.18,59.97
Vanuatu,VUT,East Asia & Pacific,Lower middle income,0.946,28832,16420,25277,13951,23594,12168,45688,24542,PPP Model,24068.0,75.59,86.16,93.9,81.18,58.46
"Venezuela, RB",VEN,Latin America & Caribbean,0,0.0,9089,6016,8719,5785,6542,3899,13012,8069,Numbeo,7306.0,51.08,61.26,67.79,50.72,43.16
Viet Nam,VNM,East Asia & Pacific,Lower middle income,0.288,9656,5229,8751,4720,6649,3264,15257,7643,Numbeo,7146.0,84.66,99.62,103.71,85.4,58.01
Virgin Islands (U.S.),VIR,Latin America & Caribbean,High income,0.0,22128,12429,19753,10854,17500,8975,35020,18450,Income Avg,17975.0,78.04,89.81,94.99,81.99,58.26
West Bank and Gaza,PSE,Middle East & North Africa,Lower middle income,0.593,17930,10127,16381,9092,13713,7037,28154,14881,PPP Model,14297.0,77.05,89.19,94.87,80.17,57.02
"Yemen, Rep.",YEM,Middle East & North Africa,Low income,0.0,9977,5581,9573,5349,7047,3595,15499,8037,Income Avg,7542.0,78.77,92.85,96.02,78.97,55.35
Zambia,ZMB,Sub-Saharan Africa,Lower middle income,0.282,8406,4686,8202,4593,5772,2938,13008,6701,PPP Model,6236.0,79.39,94.12,96.46,78.58,54.75
Zimbabwe,ZWE,Sub-Saharan Africa,Lower middle income,0.421,9682,5766,11654,7275,6024,3398,14830,8247,Numbeo,7761.0,67.92,79.82,77.28,60.19,53.17
